epoch,time,train/box_loss,train/cls_loss,train/dfl_loss,metrics/precision(B),metrics/recall(B),metrics/mAP50(B),metrics/mAP50-95(B),val/box_loss,val/cls_loss,val/dfl_loss,lr/pg0,lr/pg1,lr/pg2
1,401.151,0.22419,1.63059,0.93064,0.45445,0.68277,0.58196,0.55102,0.32664,1.22907,0.5354,0.000369795,0.000369795,0.000369795
2,819.144,0.16498,0.9217,0.87869,0.45881,0.50909,0.44566,0.36183,0.51049,1.86516,0.71793,0.000710819,0.000710819,0.000710819
