{
  "ViT + LoRA (E5)": {
    "accuracy": 0.9480928037750688,
    "f1_macro": 0.9510625994402488,
    "precision_macro": 0.949648377163302,
    "recall_macro": 0.9526396432326791,
    "f1_per_class": {
      "crack": 0.9292845257903494,
      "dent": 0.9609012591119946,
      "missing_head": 0.9527629233511586,
      "paint_off": 0.9410618606916707,
      "scratch": 0.9713024282560706
    }
  },
  "ViT + Cuantizado (E5)": {
    "accuracy": 0.9349193865513173,
    "f1_macro": 0.9383649401270613,
    "precision_macro": 0.9363612073803115,
    "recall_macro": 0.9410267290325318,
    "f1_per_class": {
      "crack": 0.9043183742591024,
      "dent": 0.9477489319750246,
      "missing_head": 0.9476978095663835,
      "paint_off": 0.9315332690453231,
      "scratch": 0.9605263157894737
    }
  },
  "ViT + Pruned (E5)": {
    "accuracy": 0.9429807314195832,
    "f1_macro": 0.9456628114728629,
    "precision_macro": 0.9453695222028614,
    "recall_macro": 0.9463281971894384,
    "f1_per_class": {
      "crack": 0.9215851602023609,
      "dent": 0.9540799471423852,
      "missing_head": 0.9571365444100751,
      "paint_off": 0.9310679611650485,
      "scratch": 0.9644444444444444
    }
  }
}